Workbook

Sheet VRK Feedbacks
A1: VRK — PROD FEEDBACK TRACKER · 67 items · 61 delivered · 6 pending
A3: All 'VRK - PROD Feedback:' items, broken up by week (status then ETA within a week). Excluded from the other views. Static snapshot.
A5: # | B5: Module | C5: Feature | D5: Functionality | E5: Status | F5: Milestone | G5: Requested | H5: ETA | I5: Resource | J5: Remarks
A6: 📅 WEEK OF 08 Jun → 14 Jun 2026 · PAST · 27 items
A7: 1 | B7: iWork | C7: VRK - PROD Feedback: 5-Jun-2026 | D7: Manage SO - Update the date filters to "SO Expiry Date" | E7: Delivered | F7: Milestone 6 | G7: 05-Jun-2026 | H7: 08-Jun-2026
A8: 2 | B8: iWork | C8: VRK - PROD Feedback: 8-Jun-2026 | D8: Critical: SO expiry logic and date validation should allow within 365 days at the time so creation. | E8: Delivered | F8: Milestone 6 | G8: 08-Jun-2026 | H8: 08-Jun-2026
A9: 3 | B9: iWork | C9: VRK - PROD Feedback: 8-Jun-2026 | D9: Dashboard - Save View button to be moved to Run button --> Move the Save View button beside Reset | E9: Delivered | F9: Milestone 6 | G9: 08-Jun-2026 | H9: 08-Jun-2026
A10: 4 | B10: iWork | C10: VRK - PROD Feedback: 8-Jun-2026 | D10: Dont display CD management in menu link - move under Admin | E10: Delivered | F10: Milestone 6 | G10: 08-Jun-2026 | H10: 08-Jun-2026
A11: 5 | B11: iWork | C11: VRK - PROD Feedback: 8-Jun-2026 | D11: filter out support services from the dashboard | E11: Delivered | F11: Milestone 6 | G11: 08-Jun-2026 | H11: 08-Jun-2026
A12: 6 | B12: iWork | C12: VRK - PROD Feedback: 8-Jun-2026 | D12: funnels - hide Overall conversion values | E12: Delivered | F12: Milestone 6 | G12: 08-Jun-2026 | H12: 08-Jun-2026
A13: 7 | B13: iWork | C13: VRK - PROD Feedback: 8-Jun-2026 | D13: In My RO, "BD planning" title should change to "Renewal Planning" for RO | E13: Delivered | F13: Milestone 6 | G13: 08-Jun-2026 | H13: 08-Jun-2026
A14: 8 | B14: iWork | C14: VRK - PROD Feedback: 8-Jun-2026 | D14: Manage TPA/BRoker/Insurer should be moved to Admin Module | E14: Delivered | F14: Milestone 6 | G14: 08-Jun-2026 | H14: 08-Jun-2026
A15: 9 | B15: iWork | C15: VRK - PROD Feedback: 8-Jun-2026 | D15: My Follow Up - hide "All" option - RO should be default | E15: Delivered | F15: Milestone 6 | G15: 08-Jun-2026 | H15: 08-Jun-2026
A16: 10 | B16: iWork | C16: VRK - PROD Feedback: 8-Jun-2026 | D16: Policy Expiry Timeline by SBU - change to "Renewal Schedule by SBU" and move under renewal funnel | E16: Delivered | F16: Milestone 6 | G16: 08-Jun-2026 | H16: 08-Jun-2026
A17: 11 | B17: iWork | C17: VRK - PROD Feedback: 8-Jun-2026 | D17: Ribbon level reports link should be hidden --> Hide "Reports" on the header menu. And also move the "Utilization report" to Admin Module. | E17: Delivered | F17: Milestone 6 | G17: 08-Jun-2026 | H17: 08-Jun-2026
A18: 12 | B18: iWork | C18: VRK - PROD Feedback: 8-Jun-2026 IIRM-10589 | D18: My client portfolio - Period (Company created) change to - Period (policies created) --- Show the same filters of Manage Policy | E18: Delivered | F18: Milestone 6 | G18: 08-Jun-2026 | H18: 09-Jun-2026 | I18: Karan
A19: 13 | B19: iWork | C19: VRK - PROD Feedback: 8-Jun-2026 | D19: isg roles: manage quotes screen should display the opportunities which are related to ISG only. | E19: Delivered | F19: Milestone 6 | G19: 08-Jun-2026 | H19: 09-Jun-2026
A20: 14 | B20: iWork | C20: VRK - PROD Feedback: 9-Jun-2026 | D20: BD/ISG planning dates should be empty and mandatory - should be mandatory to start the journey. | E20: Delivered | F20: Milestone 6 | G20: 09-Jun-2026 | H20: 09-Jun-2026
A21: 15 | B21: iWork | C21: VRK - PROD Feedback: 9-Jun-2026 | D21: In "Manage Quotes"/"Manage SO" page, a link should be provided on the activity name, it should get redirected to respective activity stage. | E21: Delivered | F21: Milestone 6 | G21: 09-Jun-2026 | H21: 09-Jun-2026 | I21: Pushyami
A22: 16 | B22: iWork | C22: VRK - PROD Feedback: 9-Jun-2026 | D22: Issue in Bizdone search results - Company name not visible | E22: Delivered | F22: Milestone 6 | G22: 09-Jun-2026 | H22: 09-Jun-2026 | I22: Pushyami
A23: 17 | B23: iWork | C23: VRK - PROD Feedback: 9-Jun-2026 IIRM-10588 | D23: Rename "My SO" to "Manage SO" in the sales portfolio. | E23: Delivered | F23: Milestone 6 | G23: 09-Jun-2026 | H23: 09-Jun-2026 | I23: Pushyami
A24: 18 | B24: iWork | C24: VRK - PROD Feedback: 9-Jun-2026 | D24: SO creation process: SO Expiry field title should be changed to "Opportunity/Existing Policy Expiry" - label to be changed. Nithin --> Also, change in SO details page as well | E24: Delivered | F24: Milestone 6 | G24: 09-Jun-2026 | H24: 09-Jun-2026 | I24: Pushyami
A25: 19 | B25: iWork | C25: VRK - PROD Feedback: 8-Jun-2026 | D25: My RO clicked should not get highlighted to My SO menu link. | E25: Delivered | F25: Milestone 6 | G25: 08-Jun-2026 | H25: 10-Jun-2026
A26: 20 | B26: iWork | C26: VRK - PROD Feedback: 9-Jun-2026 | D26: My followup section in the dashboard - should display default Activity names and show the values even there are zeros for each activity. | E26: Delivered | F26: Milestone 6 | G26: 09-Jun-2026 | H26: 10-Jun-2026 | I26: Prathiphala
A27: 21 | B27: iWork | C27: VRK - PROD Feedback: 9-Jun-2026 | D27: Opportunity lost logic:- if placement slip is not crossed, instantly mark the opportunity as "Lost" based on Opty. Expiry date | E27: Delivered | F27: Milestone 6 | G27: 09-Jun-2026 | H27: 10-Jun-2026 | I27: Jagadeesh
A28: 22 | B28: iWork | C28: VRK - PROD Feedback: 9-Jun-2026 | D28: Opportunity lost logic:- if the activity crossed "Placement Slip", premium calculation and crossed 5 days, then mark the opportunity as "Lost" based on Opty. expiry date+5 days | E28: Delivered | F28: Milestone 6 | G28: 09-Jun-2026 | H28: 10-Jun-2026 | I28: Jagadeesh
A29: 23 | B29: iWork | C29: VRK - PROD Feedback: 8-Jun-2026 IIRM-10589 | D29: My client portfolio - list of all companies for Active policies only | E29: Delivered | F29: Milestone 6 | G29: 08-Jun-2026 | H29: 12-Jun-2026 | I29: Karan
A30: 24 | B30: iWork | C30: VRK - PROD Feedback: 8-Jun-2026 | D30: Policy Expiry Timeline by SBU - when clicked, redirect to RO screen with the counts. | E30: Delivered | F30: Milestone 6 | G30: 08-Jun-2026 | H30: 12-Jun-2026
A31: 25 | B31: iWork | C31: VRK - PROD Feedback: 9-Jun-2026 | D31: BDR results list should display the link of policy ID and Opty ID. | E31: Delivered | F31: Milestone 6 | G31: 09-Jun-2026 | H31: 12-Jun-2026 | I31: Prathiphala
A32: 26 | B32: iWork | C32: VRK - PROD Feedback: 8-Jun-2026 | D32: My client portfolio: List of Companies should be displayed for which there are active RO's. The premium and brokerage should be displayed as per RO cards. --> Que: Yesterday it was asked to get the data related to Active Policies???? | E32: Not a bug | F32: Milestone 6 | G32: 08-Jun-2026 | H32: 08-Jun-2026 | J32: 10-Jun: As per Surya/Kapil Sir. It's Active Policies only
A33: 27 | B33: iWork | C33: VRK - PROD Feedback: 8-Jun-2026 | D33: my followup should be added into my actionalables with default display instead of "All" tab. | E33: Not a bug | F33: Milestone 6 | G33: 08-Jun-2026 | H33: 08-Jun-2026
A34: 📅 WEEK OF 15 Jun → 21 Jun 2026 · PAST · 8 items
A35: 28 | B35: iWork | C35: VRK - PROD Feedback: 9-Jun-2026 IIRM-10589 | D35: All SO and RO items should be displayed order by Expiry Date (ascending) in the same page once "Manage Quotes" is clicked by the user. | E35: Delivered | F35: Milestone 6 | G35: 09-Jun-2026 | H35: 15-Jun-2026 | I35: Karan
A36: 29 | B36: iWork | C36: VRK - PROD Feedback: 9-Jun-2026 IIRM-10589 | D36: ISG users should be able to view ISG activities only and BD related activities should be collapsable and hidden; accordingly manage the breadcrums. Similarly, vice versa for BD users. | E36: Delivered | F36: Milestone 6 | G36: 09-Jun-2026 | H36: 15-Jun-2026 | I36: Karan
A37: 30 | B37: iWork | C37: VRK - PROD Feedback: 9-Jun-2026 IIRM-10589 | D37: Manage Quote RO and Manager Quote SO should be clubbed to "Manage Quotes" link for ISG team only. --> 10-Jun: Surya -> Show the data only when opty. is in ISG Activity. | E37: Delivered | F37: Milestone 6 | G37: 09-Jun-2026 | H37: 15-Jun-2026 | I37: Karan
A38: 31 | B38: iWork | C38: VRK - PROD Feedback: 9-Jun-2026 IIRM-10589 | D38: My client portfolio: There must be a provision of "Past company" view in the Client Portfolio. | E38: Delivered | F38: Milestone 6 | G38: 09-Jun-2026 | H38: 15-Jun-2026
A39: 32 | B39: iWork | C39: VRK - PROD Feedback: 9-Jun-2026 IIRM-10589 | D39: Nithin -> Add the filters required to handle both SO & RO in "Manage Quotes" | E39: Delivered | F39: Milestone 6 | G39: 09-Jun-2026 | H39: 15-Jun-2026 | I39: Karan
A40: 33 | B40: iWork | C40: VRK - PROD Feedback: 9-Jun-2026 IIRM-10589 | D40: Hide "My RO" from the Sales portfolio. Add in the "My Client Portfolio" | E40: Delivered | F40: Milestone 6 | G40: 09-Jun-2026 | H40: 16-Jun-2026
A41: 34 | B41: iWork | C41: VRK - PROD Feedback: 8-Jun-2026 | D41: Commercial lines 25-26 numbers should be rectified; it should be 24.99 | E41: Delivered | F41: Milestone 6 | G41: 08-Jun-2026 | H41: 19-Jun-2026 | I41: Rama
A42: 35 | B42: iWork | C42: VRK - PROD Feedback: 9-Jun-2026 | D42: All Stage/Activity-wise wherever Document upload option is there, should be a mandatory | E42: Delivered | F42: Milestone 6 | G42: 09-Jun-2026 | H42: 19-Jun-2026 | I42: Karan
A43: 📅 WEEK OF 22 Jun → 28 Jun 2026 · PAST · 1 item
A44: 36 | B44: iWork | C44: VRK - PROD Feedback: 8-Jun-2026 | D44: funnels - alignment graph issues with grid; | E44: Delivered | F44: Milestone 6 | G44: 08-Jun-2026 | H44: 24-Jun-2026
A45: 📅 WEEK OF 29 Jun → 05 Jul 2026 · PAST · 8 items
A46: 37 | B46: iWork | C46: VRK - PROD Feedback: 8-Jun-2026 | D46: Policy Hard copy receipt stage - When User uploads the Policy copy, system should capture the policy level elements like Ins Pol No., Dates, Premium amounts, etc and validate with the policy record saved. - Need discussion for more details to use the deviation and approval process to modify the values as per deviation from Policy Hard copy. | E46: Delivered | F46: Milestone 6 | G46: 08-Jun-2026 | H46: 30-Jun-2026 | I46: Jagadeesh
A47: 38 | B47: iWork - CR | C47: VRK - PROD Feedback: 23-Jun-2026 | D47: Ribbon level: Reports should include Poppins & Bizdone report | E47: Delivered | F47: Milestone 6 | G47: 23-Jun-2026 | H47: 01-Jul-2026 | I47: Pushyami
A48: 39 | B48: iWork - CR | C48: VRK - PROD Feedback: 23-Jun-2026 | D48: Hide "Reports" from Left Menu | E48: Delivered | F48: Milestone 6 | G48: 23-Jun-2026 | H48: 01-Jul-2026 | I48: Pushyami
A49: 40 | B49: iWork - CR | C49: VRK - PROD Feedback: 23-Jun-2026 | D49: Remove "±5 days of expiry" | E49: Delivered | F49: Milestone 6 | G49: 23-Jun-2026 | H49: 01-Jul-2026 | I49: Pushyami
A50: 41 | B50: iWork - CR | C50: VRK - PROD Feedback: 23-Jun-2026 | D50: Dashboard - SO - Add SBU schedule & My Follow-ups | E50: Delivered | F50: Milestone 6 | G50: 23-Jun-2026 | H50: 01-Jul-2026 | I50: Pushyami
A51: 42 | B51: iWork - CR | C51: VRK - PROD Feedback: 23-Jun-2026 | D51: Dashboard - RO - Add SBU schedule & My Follow-ups | E51: Delivered | F51: Milestone 6 | G51: 23-Jun-2026 | H51: 01-Jul-2026 | I51: Pushyami
A52: 43 | B52: iWork - CR | C52: VRK - PROD Feedback: 23-Jun-2026 | D52: Business Performance - Update to stacked bar | E52: Delivered | F52: Milestone 6 | G52: 23-Jun-2026 | H52: 01-Jul-2026 | I52: Pushyami
A53: 44 | B53: iWork | C53: VRK - PROD Feedback: 8-Jun-2026 | D53: Filter stickyness is not working for Bizdone and check with all the other screens. (Filters Persistence in all the screens) | E53: Delivered | F53: Milestone 6 | G53: 08-Jun-2026 | H53: 02-Jul-2026
A54: 📅 WEEK OF 06 Jul → 12 Jul 2026 · PAST · 3 items
A55: 45 | B55: iWork - CR | C55: VRK - PROD Feedback: 23-Jun-2026 | D55: My RO - SBU, Vertical, Branch break-down with details | E55: Delivered | F55: Milestone 6 | G55: 23-Jun-2026 | H55: 07-Jul-2026 | I55: Pushyami
A56: 46 | B56: iWork - CR | C56: VRK - PROD Feedback: 23-Jun-2026 | D56: Manage SO - SBU, Vertical, Branch break-down with details | E56: Delivered | F56: Milestone 6 | G56: 23-Jun-2026 | H56: 08-Jul-2026 | I56: Pushyami
A57: 47 | B57: iWork - CR | C57: VRK - PROD Feedback: 23-Jun-2026 | D57: BizDone - SBU, Vertical, Branch break-down with details | E57: Delivered | F57: Milestone 6 | G57: 23-Jun-2026 | H57: 08-Jul-2026 | I57: Pushyami
A58: 📅 WEEK OF 13 Jul → 19 Jul 2026 · LAST WEEK · 13 items
A59: 48 | B59: iWork - CR | C59: VRK - PROD Feedback: 13-Jul-2026 | D59: Enhanced Screens: Layout Changes - Remove the Vertical section. Keep only Branch. | E59: Delivered | F59: Milestone 6 | G59: 13-Jul-2026 | H59: 13-Jul-2026
A60: 49 | B60: iWork - CR | C60: VRK - PROD Feedback: 23-Jun-2026 | D60: My Client Portfolio - SBU, Vertical, Branch break-down with details | E60: Delivered | F60: Milestone 6 | G60: 23-Jun-2026 | H60: 14-Jul-2026 | I60: Karan
A61: 50 | B61: iWork - CR | C61: VRK - PROD Feedback: 23-Jun-2026 | D61: Dashboard - Filter & drill-down | E61: Delivered | F61: Milestone 6 | G61: 23-Jun-2026 | H61: 14-Jul-2026 | I61: Karan
A62: 51 | B62: iWork - CR | C62: VRK - PROD Feedback: 13-Jul-2026 | D62: Dashboard UI & Visualization - Remove the SO/RO labels from the bar charts. Display only the figures inside the bars, with the corresponding details available on mouse hover (tooltip). | E62: Delivered | F62: Milestone 6 | G62: 13-Jul-2026 | H62: 14-Jul-2026
A63: 52 | B63: iWork - CR | C63: VRK - PROD Feedback: 13-Jul-2026 | D63: Dashboard UI & Visualization - Review and correct the display of negative values for TeamLease under RO, particularly for Q3 bar-chart. | E63: Delivered | F63: Milestone 6 | G63: 13-Jul-2026 | H63: 14-Jul-2026
A64: 53 | B64: iWork - CR | C64: VRK - PROD Feedback: 13-Jul-2026 | D64: Brokerage Display - Display Brokerage information only. Hide Premium values in the enhanced screens. | E64: Delivered | F64: Milestone 6 | G64: 13-Jul-2026 | H64: 15-Jul-2026
A65: 54 | B65: iWork - CR | C65: VRK - PROD Feedback: 13-Jul-2026 | D65: BizDone Enhanced Screen - Hide Premium. Display: RO Brokerage SO Brokerage | E65: Delivered | F65: Milestone 6 | G65: 13-Jul-2026 | H65: 15-Jul-2026
A66: 55 | B66: iWork - CR | C66: VRK - PROD Feedback: 13-Jul-2026 | D66: Dashboard UI & Visualization - Resolve the Premium value formatting issue. Values should be displayed consistently in Millions/Billions. | E66: Delivered | F66: Milestone 6 | G66: 13-Jul-2026 | H66: 15-Jul-2026
A67: 56 | B67: iWork - CR | C67: VRK - PROD Feedback: 13-Jul-2026 | D67: Dashboard UI & Visualization - Display the Endorsement section above the section “Business Collection Summary”. | E67: Delivered | F67: Milestone 6 | G67: 13-Jul-2026 | H67: 15-Jul-2026
A68: 57 | B68: iWork - CR | C68: VRK - PROD Feedback: 13-Jul-2026 | D68: Dashboard UI & Visualization - Move the Policy Type Distribution section above RO by SBU. | E68: Delivered | F68: Milestone 6 | G68: 13-Jul-2026 | H68: 15-Jul-2026
A69: 58 | B69: iWork - CR | C69: VRK - PROD Feedback: 13-Jul-2026 | D69: Dashboard UI & Visualization - Rename/update the Policy Type names “Fire & Engineering”, “Speciality Lines - Liability” | E69: Delivered | F69: Milestone 6 | G69: 13-Jul-2026 | H69: 15-Jul-2026
A70: 59 | B70: iWork - CR | C70: VRK - PROD Feedback: 13-Jul-2026 | D70: Functional Changes - The SO Activity Follow-up screen should not display ISG-related activities. | E70: Delivered | F70: Milestone 6 | G70: 13-Jul-2026 | H70: 15-Jul-2026
A71: 60 | B71: iWork - CR | C71: VRK - PROD Feedback: 13-Jul-2026 | D71: Dashboard Issues - When IIRM Holdings is selected, the Organization-level cards and graphs are not displayed. Verify and fix the issue. | E71: Delivered | F71: Milestone 6 | G71: 13-Jul-2026 | H71: 17-Jul-2026
A72: 📍 WEEK OF 20 Jul → 26 Jul 2026 · CURRENT WEEK · 6 items
A73: 61 | B73: iWork - CR | C73: VRK - PROD Feedback: 13-Jul-2026 | D73: Functional Changes - Make the Funnel interactive so that clicking on each stage navigates to the corresponding enhanced screen. | E73: Yet to start | F73: Milestone 6 | G73: 13-Jul-2026 | H73: 24-Jul-2026 | J73: Pending: Becuase the enhanced screens are yet to Approve
A74: 62 | B74: iWork - CR | C74: VRK - PROD Feedback: 13-Jul-2026 | D74: Dashboard Issues - Organization-wise summary cards are not required. | E74: Yet to start | F74: Milestone 6 | G74: 13-Jul-2026 | H74: 24-Jul-2026
A75: 63 | B75: iWork - CR | C75: VRK - PROD Feedback: 13-Jul-2026 | D75: Dashboard Issues - Under PL, the bar chart should represent SO-level data instead of the currently displayed RO-level data. Update in the data to make SO | E75: Yet to start | F75: Milestone 6 | G75: 13-Jul-2026 | H75: 24-Jul-2026
A76: 64 | B76: iWork | C76: VRK - PROD Feedback: 9-Jun-2026 | D76: Dual approval mechanism - current logic and recommendation to enable as per the current CRM hierarchy | E76: Yet to start | F76: Milestone 6 | G76: 09-Jun-2026 | H76: 24-Jul-2026 | I76: Jagadeesh
A77: 65 | B77: iWork - CR | C77: VRK - PROD Feedback: 23-Jun-2026 | D77: Additional section display: Placement Funnel, Schedule, Followup (ISG Funnel) | E77: Yet to start | F77: Milestone 6 | G77: 23-Jun-2026 | H77: 24-Jul-2026 | I77: Pushyami
A78: 66 | B78: iWork - CR | C78: VRK - PROD Feedback: 13-Jul-2026 | D78: Enhanced Screens: Layout Changes - Display the data using an Accordion layout in the following order: Company → SBU → Branch → Executive → Client → Policy | E78: Delivered | F78: Milestone 6 | G78: 13-Jul-2026 | H78: 20-Jul-2026 | J78: Nithin to check the Manager+Team logic and get abck
A79: 🗓 No ETA assigned · 1 item
A80: 67 | B80: iWork - CR | C80: VRK - PROD Feedback: 23-Jun-2026 | D80: iWork and iTicket should be accessible via VPN | E80: Yet to start | F80: Milestone 6 | G80: 23-Jun-2026 | I80: Pushyami

Sheet Helper
A1: Module | B1: Phase | C1: Status | D1: Category | E1: Bucket | F1: ReqDate
A2: =#REF! -> #REF! | B2: =#REF! -> #REF! | C2: =#REF! -> #REF! | D2: =IFERROR(VLOOKUP(C2,Config!$A:$B,2,0),"Unknown") -> Unknown | E2: =IFERROR(VLOOKUP(C2,Config!$A:$C,3,0),"N/A") -> N/A | F2: =IF(#REF!="","",#REF!) -> #REF!
A3: =#REF! -> #REF! | B3: =#REF! -> #REF! | C3: =#REF! -> #REF! | D3: =IFERROR(VLOOKUP(C3,Config!$A:$B,2,0),"Unknown") -> Unknown | E3: =IFERROR(VLOOKUP(C3,Config!$A:$C,3,0),"N/A") -> N/A | F3: =IF(#REF!="","",#REF!) -> #REF!
A4: =#REF! -> #REF! | B4: =#REF! -> #REF! | C4: =#REF! -> #REF! | D4: =IFERROR(VLOOKUP(C4,Config!$A:$B,2,0),"Unknown") -> Unknown | E4: =IFERROR(VLOOKUP(C4,Config!$A:$C,3,0),"N/A") -> N/A | F4: =IF(#REF!="","",#REF!) -> #REF!
A5: =#REF! -> #REF! | B5: =#REF! -> #REF! | C5: =#REF! -> #REF! | D5: =IFERROR(VLOOKUP(C5,Config!$A:$B,2,0),"Unknown") -> Unknown | E5: =IFERROR(VLOOKUP(C5,Config!$A:$C,3,0),"N/A") -> N/A | F5: =IF(#REF!="","",#REF!) -> #REF!
A6: =#REF! -> #REF! | B6: =#REF! -> #REF! | C6: =#REF! -> #REF! | D6: =IFERROR(VLOOKUP(C6,Config!$A:$B,2,0),"Unknown") -> Unknown | E6: =IFERROR(VLOOKUP(C6,Config!$A:$C,3,0),"N/A") -> N/A | F6: =IF(#REF!="","",#REF!) -> #REF!
A7: =#REF! -> #REF! | B7: =#REF! -> #REF! | C7: =#REF! -> #REF! | D7: =IFERROR(VLOOKUP(C7,Config!$A:$B,2,0),"Unknown") -> Unknown | E7: =IFERROR(VLOOKUP(C7,Config!$A:$C,3,0),"N/A") -> N/A | F7: =IF(#REF!="","",#REF!) -> #REF!
A8: =#REF! -> #REF! | B8: =#REF! -> #REF! | C8: =#REF! -> #REF! | D8: =IFERROR(VLOOKUP(C8,Config!$A:$B,2,0),"Unknown") -> Unknown | E8: =IFERROR(VLOOKUP(C8,Config!$A:$C,3,0),"N/A") -> N/A | F8: =IF(#REF!="","",#REF!) -> #REF!
A9: =#REF! -> #REF! | B9: =#REF! -> #REF! | C9: =#REF! -> #REF! | D9: =IFERROR(VLOOKUP(C9,Config!$A:$B,2,0),"Unknown") -> Unknown | E9: =IFERROR(VLOOKUP(C9,Config!$A:$C,3,0),"N/A") -> N/A | F9: =IF(#REF!="","",#REF!) -> #REF!
A10: =#REF! -> #REF! | B10: =#REF! -> #REF! | C10: =#REF! -> #REF! | D10: =IFERROR(VLOOKUP(C10,Config!$A:$B,2,0),"Unknown") -> Unknown | E10: =IFERROR(VLOOKUP(C10,Config!$A:$C,3,0),"N/A") -> N/A | F10: =IF(#REF!="","",#REF!) -> #REF!
A11: =#REF! -> #REF! | B11: =#REF! -> #REF! | C11: =#REF! -> #REF! | D11: =IFERROR(VLOOKUP(C11,Config!$A:$B,2,0),"Unknown") -> Unknown | E11: =IFERROR(VLOOKUP(C11,Config!$A:$C,3,0),"N/A") -> N/A | F11: =IF(#REF!="","",#REF!) -> #REF!
A12: =#REF! -> #REF! | B12: =#REF! -> #REF! | C12: =#REF! -> #REF! | D12: =IFERROR(VLOOKUP(C12,Config!$A:$B,2,0),"Unknown") -> Unknown | E12: =IFERROR(VLOOKUP(C12,Config!$A:$C,3,0),"N/A") -> N/A | F12: =IF(#REF!="","",#REF!) -> #REF!
A13: =#REF! -> #REF! | B13: =#REF! -> #REF! | C13: =#REF! -> #REF! | D13: =IFERROR(VLOOKUP(C13,Config!$A:$B,2,0),"Unknown") -> Unknown | E13: =IFERROR(VLOOKUP(C13,Config!$A:$C,3,0),"N/A") -> N/A | F13: =IF(#REF!="","",#REF!) -> #REF!
... A327: =#REF! -> #REF! | B327: =#REF! -> #REF! | C327: =#REF! -> #REF! | D327: =IFERROR(VLOOKUP(C327,Config!$A:$B,2,0),"Unknown") -> Unknown | E327: =IFERROR(VLOOKUP(C327,Config!$A:$C,3,0),"N/A") -> N/A | F327: =IF(#REF!="","",#REF!) -> #REF!

Sheet Config
A1: Status_Raw | B1: Category | C1: Bucket
A2: Delivered | B2: Delivered | C2: Delivered
A3: Dev - Done | B3: Dev Complete | C3: Delivered
A4: Dev - WIP | B4: In Development | C4: Pending
A5: QA - WIP | B5: In QA | C5: Pending
A6: Pre-PROD | B6: Pre-PROD / UAT | C6: Pending
A7: Yet to start | B7: Not Started | C7: Pending
A8: Delivered - Deficit | B8: Partial Delivery | C8: Pending
A9: Duplicate | B9: N/A | C9: N/A
A10: Not a bug | B10: Delivered | C10: Delivered
